AnalysisN;Comment;K2O;TiO2;FeO;MnO;CaO;Cr2O3;Na2O;Al2O3;SiO2;MgO;Total;Date
1;2019-08-27-DB-G2-01_01-anfibolio01;1,37;1,04;22,64;0,57;11,15;0,08;1,50;10,58;41,80;7,19;97,92;27/08/2019 12:28
2;2019-08-27-DB-G2-01_01-anfibolio01;1,36;1,03;22,75;0,46;11,13;0,05;1,43;10,78;41,91;7,23;98,13;27/08/2019 12:30
3;2019-08-27-DB-G2-01_01-anfibolio02;1,49;0,89;22,72;0,52;11,29;0,00;1,59;11,29;41,28;7,05;98,12;27/08/2019 12:33
4;2019-08-27-DB-G2-01_01-anfibolio03;1,37;1,32;21,96;0,50;11,18;0,03;1,43;10,62;42,08;7,26;97,76;27/08/2019 12:35
5;2019-08-27-DB-G2-01_01-plagio1;0,28;0,01;0,15;0,00;4,26;0,00;9,22;23,49;63,10;0,02;100,52;27/08/2019 12:37
6;2019-08-27-DB-G2-01_01-plagio2;0,32;0,02;0,16;0,02;4,28;0,02;9,06;23,38;63,69;0,00;100,96;27/08/2019 12:39
7;2019-08-27-DB-G2-01_01-plagio3;0,36;0,00;0,13;0,01;4,33;0,01;9,03;23,24;63,53;0,01;100,63;27/08/2019 12:42
8;2019-08-27-DB-G2-01_01-biotita1;9,46;3,06;22,69;0,33;0,04;0,02;0,05;14,24;36,44;9,27;95,59;27/08/2019 12:44
9;2019-08-27-DB-G2-01_01-biotita2;8,80;2,66;23,26;0,32;0,00;0,03;0,05;14,41;35,94;9,50;94,97;27/08/2019 12:46
10;2019-08-27-DB-G2-01_01-KF1;15,41;0,03;0,19;0,01;0,00;0,00;0,98;18,72;64,35;0,01;99,69;27/08/2019 12:49
11;2019-08-27-DB-G2-01_02-anfibolio04-borda;1,25;0,61;22,87;0,53;11,32;0,00;1,38;10,56;42,00;7,27;97,79;27/08/2019 12:51
12;2019-08-27-DB-G2-01_02-anfibolio04-centro;1,32;1,06;22,29;0,48;11,20;0,02;1,43;10,63;41,98;7,70;98,12;27/08/2019 12:53
13;2019-08-27-DB-G2-01_02-biotita3;9,51;3,76;23,64;0,34;0,00;0,00;0,04;14,16;36,19;8,85;96,48;27/08/2019 12:55
14;2019-08-27-DB-G2-01_02-plagio4;0,43;0,03;0,19;0,00;3,97;0,04;9,11;23,66;63,28;0,00;100,70;27/08/2019 12:57
15;2019-08-27-DB-G2-01_02-plagio5;0,38;0,02;0,14;0,00;4,35;0,01;8,94;23,23;64,04;0,00;101,11;27/08/2019 13:00
16;2019-08-27-DB-G2-01_02-piroxenio1;0,00;0,76;14,56;0,49;13,30;0,00;0,02;15,27;31,10;0,52;76,01;27/08/2019 13:02
17;2019-08-27-DB-G2-01_03-piroxenio2-centro;0,00;0,55;14,06;0,30;14,02;0,00;0,02;16,30;31,88;0,49;77,63;27/08/2019 13:04
18;2019-08-27-DB-G2-01_03-piroxenio2-borda;0,05;0,60;7,23;0,45;10,59;0,00;0,27;15,21;34,38;3,46;72,24;27/08/2019 13:06
19;2019-08-27-DB-G2-01_03-biotita4;8,33;3,29;23,39;0,33;0,69;0,04;0,04;14,62;35,23;9,68;95,65;27/08/2019 13:09
20;2019-08-27-DB-G2-01_03-biotita5;9,33;3,34;22,41;0,34;0,00;0,09;0,05;14,16;36,11;8,97;94,79;27/08/2019 13:11
21;2019-08-27-DB-G2Z_01-biotita1;9,24;3,76;22,82;0,41;0,13;0,01;0,07;14,61;35,18;8,82;95,05;27/08/2019 13:13
22;2019-08-27-DB-G2Z_01-plagio1;0,28;0,04;0,24;0,04;4,47;0,03;9,23;23,71;62,74;0,00;100,78;27/08/2019 13:16
23;2019-08-27-DB-G2Z_01-plagio2;0,32;0,04;0,39;0,01;4,43;0,00;8,96;23,35;61,83;0,00;99,33;27/08/2019 13:18
24;2019-08-27-DB-G2Z_01-K1;15,01;0,02;0,10;0,00;0,00;0,00;1,16;19,14;62,24;0,00;97,68;27/08/2019 13:20
25;2019-08-27-DB-G2Z_01-K2;15,17;0,03;0,16;0,00;0,00;0,00;1,12;19,00;63,50;0,01;98,99;27/08/2019 13:22
26;2019-08-27-DB-G2Z_02-plagio3;0,37;0,02;0,11;0,00;4,38;0,03;9,06;23,73;61,67;0,00;99,39;27/08/2019 13:25
27;2019-08-27-DB-G2Z_01-plagio4;0,43;0,01;0,12;0,01;4,31;0,00;9,28;23,63;62,13;0,00;99,92;27/08/2019 13:27
28;2019-08-27-DB-G2Z_02-biotita2;9,46;3,01;24,09;0,48;0,00;0,00;0,06;14,87;35,25;8,32;95,52;27/08/2019 13:29
29;2019-08-27-DB-GR-MG_01-KF1;15,47;0,00;0,09;0,00;0,04;0,05;1,09;18,25;65,33;0,00;100,32;27/08/2019 13:32
30;2019-08-27-DB-GR-MG_01-KF2;15,58;0,00;0,12;0,00;0,00;0,00;0,90;18,48;65,07;0,01;100,16;27/08/2019 13:34
31;2019-08-27-DB-GR-MG_01-KF3;15,70;0,00;0,10;0,01;0,00;0,00;0,90;18,29;64,47;0,00;99,47;27/08/2019 13:36
32;2019-08-27-DB-GR-MG_01-biotita1;9,41;2,83;15,75;0,43;0,00;0,06;0,12;17,39;36,47;12,34;94,80;27/08/2019 13:39
33;2019-08-27-DB-GR-MG_01-biotita2;9,88;3,00;15,94;0,46;0,00;0,10;0,10;17,37;37,00;12,22;96,06;27/08/2019 13:41
34;2019-08-27-DB-GR-MG_01-biotita3;9,46;2,95;15,01;0,43;0,06;0,08;0,16;17,83;36,45;12,25;94,67;27/08/2019 13:43
35;2019-08-27-DB-GR-MG_02-anf_ou_pirox1;1,88;0,19;5,72;0,52;12,30;0,00;0,26;21,72;36,74;0,32;79,65;27/08/2019 13:46
36;2019-08-27-DB-GR-MG_02-anf_ou_pirox2;0,07;0,21;9,88;0,55;13,24;0,00;0,06;19,55;31,04;0,46;75,07;27/08/2019 13:48
37;2019-08-27-DB-GR-MG_02-anf_ou_pirox3;0,14;0,21;6,86;0,53;14,89;0,00;0,20;21,67;34,34;0,41;79,24;27/08/2019 13:50
38;2019-08-27-DB-GR-MG_02-anf_ou_pirox4;0,55;0,59;6,79;1,02;10,63;0,00;0,32;17,85;33,69;1,97;73,40;27/08/2019 13:53
39;2019-08-27-DB-GR-MG_02-anf_ou_pirox5;2,50;0,09;4,33;0,34;5,60;0,02;0,16;9,17;60,28;1,31;83,78;27/08/2019 13:55
40;2019-08-27-PI-G1-03_01-anfibolio1borda;1,29;0,87;10,22;0,07;10,70;0,33;1,59;11,26;44,25;16,68;97,27;27/08/2019 13:57
41;2019-08-27-PI-G1-03_01-anfibolio1centro;0,05;0,07;6,24;0,04;12,92;0,12;0,39;1,30;56,04;20,57;97,75;27/08/2019 13:59
42;2019-08-27-PI-G1-03_01-anfibolio2;0,88;0,70;9,92;0,02;12,06;0,16;2,00;10,95;45,33;15,06;97,07;27/08/2019 14:02
43;2019-08-27-PI-G1-03_01-anfibolio3;0,91;0,76;10,06;0,05;12,02;0,15;1,92;10,75;45,29;15,03;96,93;27/08/2019 14:04
44;2019-08-27-PI-G1-03_01-anfibolio4;1,03;0,71;10,48;0,13;12,00;0,27;2,00;11,93;44,11;14,62;97,30;27/08/2019 14:06
45;2019-08-27-PI-G1-03_01-anfibolio5;0,78;0,59;10,24;0,09;11,53;0,25;2,02;12,38;44,06;15,28;97,21;27/08/2019 14:09
46;2019-08-27-PI-G1-03_01-anfibolio6;1,01;0,77;10,61;0,07;12,15;0,24;2,04;12,13;43,41;14,24;96,67;27/08/2019 14:11
47;2019-08-27-PI-G1-03_01-plagio1;0,14;0,01;0,19;0,03;5,25;0,04;8,54;24,18;60,63;0,01;99,03;27/08/2019 14:13
48;2019-08-27-PI-G1-03_01-plagio2;0,10;0,02;0,35;0,00;5,93;0,03;8,26;24,62;60,40;0,03;99,73;27/08/2019 14:16
49;2019-08-27-PI-G1-03_01-plagio3;0,09;0,03;0,33;0,03;6,06;0,00;7,81;23,84;59,22;3,93;101,33;27/08/2019 14:18
50;2019-08-27-PI-G1-03_01-biotita1;9,45;2,16;10,78;0,12;0,00;0,25;0,34;15,44;37,72;17,68;93,94;27/08/2019 14:20
51;2019-08-27-PI-G1-03_01-biotita2;9,57;2,36;10,80;0,06;0,00;0,26;0,34;15,50;38,14;18,35;95,38;27/08/2019 14:22
52;2019-08-27-PI-G1-03_01-biotita3;9,56;2,24;10,73;0,05;0,00;0,26;0,30;15,24;38,02;17,88;94,29;27/08/2019 14:25
53;2019-08-27-PI-G1-03_01-clorita1;0,03;0,04;1,11;0,08;0,28;0,01;0,03;14,07;37,22;33,12;85,99;27/08/2019 14:27
54;2019-08-27-PI-G1-03_01-clorita2;0,03;0,02;0,99;0,08;0,25;0,00;0,03;12,75;38,02;33,96;86,14;27/08/2019 14:29
55;2019-08-27-PI-G1-03_01-clorita3;9,32;1,65;10,79;0,02;0,00;0,10;0,38;15,85;38,07;18,38;94,55;27/08/2019 14:32
56;2019-08-27-PI-G1-03_02-anfibolio7;0,63;0,59;9,23;0,07;12,21;0,16;1,61;9,12;47,38;16,56;97,56;27/08/2019 14:34
57;2019-08-27-PI-G1-03_02-anfibolio8;0,92;0,77;10,35;0,05;12,00;0,25;1,88;10,77;45,12;14,96;97,07;27/08/2019 14:36
58;2019-08-27-PI-G1-03_02-anfibolio9;0,82;0,69;10,29;0,06;12,25;0,22;1,86;10,76;45,15;14,97;97,08;27/08/2019 14:39
59;2019-08-27-PI-G1-03_02-anfibolio10;0,65;0,76;10,04;0,06;12,25;0,24;1,95;10,23;45,37;15,06;96,62;27/08/2019 14:41
60;2019-08-27-PI-G1-03_02-anfibolio11;0,83;0,82;10,04;0,08;12,06;0,32;1,90;10,51;45,63;15,17;97,36;27/08/2019 14:43
61;2019-08-27-PI-G1-03_02-anfibolio12;0,79;0,78;9,94;0,07;12,30;0,33;1,81;10,24;45,24;15,08;96,58;27/08/2019 14:46
62;2019-08-27-PI-G1-03_03-plagio4;0,16;0,00;0,18;0,00;5,39;0,00;8,44;24,32;61,52;0,02;100,04;27/08/2019 14:48
63;2019-08-27-PI-G1-03_03-plagio5;0,16;0,02;0,16;0,00;5,50;0,00;8,20;24,07;61,39;0,00;99,50;27/08/2019 14:50
64;2019-08-27-PI-G1-03_03-plagio6;0,11;0,02;0,17;0,00;6,09;0,06;8,16;24,79;60,42;0,00;99,82;27/08/2019 14:53
65;2019-08-27-PI-G1-03_03-anfibolio13;0,87;0,69;10,31;0,07;12,12;0,33;1,80;10,61;45,33;15,10;97,22;27/08/2019 14:55
66;2019-08-27-PI-G1-03_03-anfibolio14;0,81;0,76;10,00;0,10;12,19;0,31;1,80;10,17;46,13;15,52;97,78;27/08/2019 14:57
67;2019-08-27-PI-G1-03_03-anfibolio15;0,85;0,73;9,93;0,04;12,14;0,20;1,84;10,53;45,13;15,13;96,53;27/08/2019 14:59
68;2019-08-27-DB-GRT-3A_01-granada;0,01;36,18;0,48;0,00;26,91;0,00;0,03;2,04;30,47;0,00;96,14;27/08/2019 17:55
69;2019-08-27-DB-GRT-3A_01-granada;0,00;35,85;1,03;0,06;26,93;0,01;0,00;1,75;30,26;0,00;95,89;27/08/2019 17:58
70;2019-08-27-DB-GRT-3A_01-granada-borda;0,01;35,66;1,05;0,08;26,67;0,04;0,03;1,70;29,95;0,00;95,18;27/08/2019 18:00
71;2019-08-27-DB-GRT-3A_01-granada-borda;0,00;35,82;1,04;0,03;26,79;0,00;0,00;1,65;30,09;0,00;95,42;27/08/2019 18:02
72;2019-08-27-DB-GRT-3A_01-granada-meio;0,00;37,30;0,53;0,04;27,73;0,00;0,00;1,49;30,55;0,01;97,65;27/08/2019 18:05
73;2019-08-27-DB-GRT-3A_01-granada-meio;0,00;37,41;0,72;0,04;27,58;0,00;0,00;1,64;30,08;0,00;97,47;27/08/2019 18:07
74;2019-08-27-DB-GRT-3A_01-biotita-meio;1,27;2,55;20,57;0,13;0,29;0,00;0,04;17,62;29,29;16,86;88,64;27/08/2019 18:09
75;2019-08-27-DB-GRT-3A_01-biotita-meio;1,94;1,19;19,34;0,12;0,24;0,00;0,01;16,76;31,35;18,28;89,24;27/08/2019 18:12
76;2019-08-27-DB-GRT-3A_01-biotita-meio;8,24;3,11;18,05;0,10;0,00;0,00;0,06;15,32;35,48;13,78;94,14;27/08/2019 18:14
77;2019-08-27-DB-GRT-3A_01-biotita-meio;4,17;4,65;18,54;0,12;1,94;0,00;0,02;15,58;32,55;14,72;92,28;27/08/2019 18:16
78;2019-08-27-DB-GRT-3A_01-biotita-meio;1,86;2,28;20,49;0,14;0,21;0,00;0,05;18,29;27,28;16,40;87,02;27/08/2019 18:20
79;2019-08-27-DB-GRT-3A_01-biotita-borda;3,50;2,76;18,36;0,11;0,31;0,03;0,03;17,16;32,13;16,81;91,20;27/08/2019 18:22
80;2019-08-27-DB-GRT-3A_01-biotita-borda;5,49;2,42;18,57;0,15;0,07;0,01;0,07;16,55;33,69;15,69;92,69;27/08/2019 18:24
81;2019-08-27-DB-GRT-3A_01-biotita-borda;7,86;3,03;17,85;0,08;0,00;0,03;0,07;15,44;35,29;13,87;93,52;27/08/2019 18:27
82;2019-08-27-DB-GRT-3A_01-granada_centro;0,00;35,85;1,15;0,07;26,91;0,00;0,00;1,91;30,29;0,00;96,19;27/08/2019 18:29
83;2019-08-27-DB-GRT-3A_01-granada_centro;0,00;35,85;1,00;0,05;26,55;0,02;0,01;1,90;29,93;0,00;95,32;27/08/2019 18:31
84;2019-08-27-DB-GRT-3A_01-granada_mancha_borda;0,00;36,38;0,40;0,00;26,79;0,00;0,02;1,98;30,10;0,00;95,68;27/08/2019 18:34
85;2019-08-27-DB-GRT-3A_02-granada_borda;0,00;36,71;0,90;0,12;26,91;0,00;0,03;1,56;29,76;0,11;96,09;27/08/2019 18:36
86;2019-08-27-DB-GRT-3A_02-granada_borda;0,00;36,00;0,60;0,03;26,62;0,00;0,00;2,10;30,04;0,01;95,41;27/08/2019 18:39
87;2019-08-27-DB-GRT-3A_02-granada_borda;0,00;36,47;0,63;0,01;26,80;0,00;0,01;1,86;29,79;0,00;95,57;27/08/2019 18:41
88;2019-08-27-DB-GRT-3A_02-granada_borda;0,00;37,40;0,95;0,06;27,28;0,00;0,04;1,38;29,67;0,00;96,78;27/08/2019 18:43
89;2019-08-27-DB-GRT-3A_02-biotita_inlcusao;9,02;2,84;17,77;0,16;0,00;0,01;0,03;14,58;36,93;13,91;95,24;27/08/2019 18:46
90;2019-08-27-DB-GRT-3A_02-biotita_inlcusao;8,25;2,57;18,78;0,07;0,00;0,00;0,07;15,32;35,65;14,08;94,80;27/08/2019 18:48
91;2019-08-27-DB-GRT-3A_02-biotita_inlcusao;2,54;1,57;21,77;0,16;0,09;0,02;0,03;17,78;30,92;16,71;91,57;27/08/2019 18:50
92;2019-08-27-DB-GRT-3A_02-biotita_inlcusao;3,19;2,20;19,76;0,14;0,21;0,02;0,04;17,33;31,71;16,71;91,32;27/08/2019 18:53
93;2019-08-27-DB-GRT-3A_02-biotita_inclusao;0,96;0,98;21,15;0,15;0,05;0,00;0,00;18,17;29,42;18,16;89,04;27/08/2019 18:55
94;2019-08-27-DB-GRT-3A_02-biotita_inclusao;8,53;2,54;18,05;0,12;0,00;0,06;0,03;15,37;36,15;14,98;95,83;27/08/2019 18:58
95;2019-08-27-DB-GRT-3A_02-KF;15,62;0,01;0,28;0,02;0,00;0,00;0,90;18,62;64,19;0,01;99,64;27/08/2019 19:00
96;2019-08-27-DB-GRT-3A_02-granada_centro;0,01;33,29;1,96;0,04;24,87;0,00;0,04;2,78;29,20;0,00;92,18;27/08/2019 19:02
97;2019-08-27-DB-GRT-3A_02-granada_centro;0,00;31,27;1,96;0,15;23,55;0,00;0,06;3,26;29,03;0,04;89,33;27/08/2019 19:05
98;2019-08-27-DB-GRT-3A_02-granada_centro;0,01;34,48;1,37;0,04;25,35;0,00;0,03;2,12;29,43;0,00;92,83;27/08/2019 19:07
99;2019-08-27-DB-GRT-3B_01-plagio;0,35;0,01;0,03;0,04;3,62;0,01;9,50;22,79;62,88;0,00;99,23;27/08/2019 19:09
100;2019-08-27-DB-GRT-3B_01-plagio;0,29;0,01;0,03;0,00;3,71;0,06;9,56;22,96;62,96;0,01;99,59;27/08/2019 19:12
101;2019-08-27-DB-GRT-3B_01-plagio;0,47;0,01;0,12;0,03;0,65;0,06;10,89;22,40;66,17;0,47;101,27;27/08/2019 19:14
102;2019-08-27-DB-GRT-3B_01-biotita;9,46;2,79;23,71;0,14;0,00;0,00;0,05;14,12;35,51;9,44;95,23;27/08/2019 19:16
103;2019-08-27-DB-GRT-3B_01-biotita;9,36;2,47;23,55;0,11;0,00;0,01;0,18;14,92;35,67;9,21;95,48;27/08/2019 19:19
104;2019-08-27-DB-GRT-3B_01-biotita;9,18;3,68;23,38;0,17;0,00;0,00;0,08;13,68;35,84;9,10;95,10;27/08/2019 19:21
105;2019-08-27-DB-GRT-3B_01-epidoto;0,00;1,14;14,88;0,21;11,60;0,00;0,01;13,92;29,57;0,79;72,12;27/08/2019 19:24
106;2019-08-27-DB-GRT-3B_01-epidoto;6,40;0,32;5,58;0,03;6,76;0,00;0,62;17,83;44,81;0,12;82,46;27/08/2019 19:26
107;2019-08-27-DB-GRT-3B_01-epidoto;0,57;1,48;4,76;0,17;7,99;0,00;0,52;16,48;37,52;0,97;70,47;27/08/2019 19:28
108;2019-08-27-DB-GRT-3B_01-epidoto;0,36;1,17;7,16;0,17;8,51;0,00;0,32;14,98;33,24;0,78;66,69;27/08/2019 19:31
109;2019-08-27-DB-GRT-3B_02-anfibolio;0,00;0,05;14,39;0,38;22,13;0,05;0,67;0,77;51,23;9,53;99,19;27/08/2019 19:33
110;2019-08-27-DB-GRT-3B_02-anfibolio;0,00;0,04;14,33;0,36;22,63;0,06;0,46;0,59;51,22;9,46;99,16;27/08/2019 19:35
111;2019-08-27-DB-GRT-3B_02-anfibolio;0,00;0,05;14,82;0,33;22,59;0,04;0,53;0,66;51,24;9,40;99,66;27/08/2019 19:38
112;2019-08-27-DB-GRT-3B_02-anfibolio;0,00;0,04;14,51;0,37;22,34;0,00;0,44;0,67;51,32;9,63;99,33;27/08/2019 19:40
113;2019-08-27-DB-GRT-3B_02-anfibolio;0,01;0,06;14,35;0,38;22,14;0,01;0,59;0,76;50,84;9,69;98,84;27/08/2019 19:42
114;2019-08-27-DB-GRT-3B_02-anfibolio;0,00;0,03;14,55;0,39;22,42;0,02;0,54;0,73;51,30;9,44;99,41;27/08/2019 19:45
115;2019-08-27-DB-GRT-3B_02-anfibolio;0,01;0,03;14,60;0,35;22,65;0,05;0,37;0,37;51,20;9,68;99,34;27/08/2019 19:47
116;2019-08-27-DB-GRT-3B_02-anfibolio;0,00;0,03;14,19;0,36;22,66;0,01;0,33;0,44;51,68;9,93;99,64;27/08/2019 19:50
117;2019-08-27-DB-GRT-3B_02-anfibolio;0,00;0,08;14,28;0,37;22,51;0,02;0,57;0,71;50,83;9,36;98,74;27/08/2019 19:52
118;2019-08-27-DB-GRT-3B_02-plagio;0,13;0,03;0,06;0,00;3,78;0,02;9,75;23,21;63,31;0,00;100,29;27/08/2019 19:54
119;2019-08-27-DB-GRT-3B_02-plagio;0,38;0,00;0,03;0,02;3,99;0,00;9,32;23,55;62,25;0,00;99,54;27/08/2019 19:57
120;2019-08-27-DB-GRT-3B_02-plagio;0,32;0,00;0,05;0,00;3,75;0,04;9,51;22,82;63,16;0,00;99,67;27/08/2019 19:59
121;2019-08-27-DB-GRT-3B_02-plagio;0,37;0,01;0,04;0,02;3,72;0,00;9,44;23,14;63,02;0,01;99,77;27/08/2019 20:01
122;2019-08-27-DB-GRT-3B_02-plagio;0,15;0,00;0,12;0,00;3,52;0,00;9,74;22,74;63,88;0,01;100,17;27/08/2019 20:04
123;2019-08-27-DB-GRT-3B_02-plagio;0,32;0,00;0,26;0,03;3,62;0,00;9,75;22,81;63,14;0,01;99,94;27/08/2019 20:06
124;2019-08-27-DB-GRT-3B_02-biotita;9,40;3,11;24,64;0,20;0,04;0,00;0,03;14,60;35,60;8,26;95,88;27/08/2019 20:09
125;2019-08-27-DB-GRT-3B_02-biotita;9,45;2,88;23,96;0,16;0,06;0,01;0,09;14,35;35,53;8,60;95,09;27/08/2019 20:11
126;2019-08-27-DB-GRT-3B_02-biotita;9,40;3,47;23,48;0,17;0,01;0,05;0,04;14,26;35,50;8,88;95,26;27/08/2019 20:13
127;2019-08-27-DB-GRT-3B_02-KF;15,17;0,02;0,07;0,02;0,00;0,00;1,15;18,95;63,42;0,00;98,80;27/08/2019 20:16
128;2019-08-27-DB-GRT-3B_02-KF;14,31;0,02;0,09;0,00;0,00;0,00;1,85;18,84;63,76;0,00;98,87;27/08/2019 20:18
129;2019-08-27-DB-GRT-3B_03-anfibolio;0,00;0,03;13,19;0,36;22,55;0,00;0,51;0,55;50,73;10,38;98,29;27/08/2019 20:21
130;2019-08-27-DB-GRT-3B_03-anfibolio;0,00;0,03;14,37;0,35;22,90;0,00;0,37;0,47;50,34;9,62;98,46;27/08/2019 20:23
131;2019-08-27-DB-GRT-3B_03-anfibolio;0,01;0,06;14,63;0,35;22,38;0,04;0,48;0,62;51,21;9,47;99,25;27/08/2019 20:25
132;2019-08-27-DB-GRT-3B_03-anfibolio;0,00;0,04;15,00;0,32;22,77;0,01;0,30;0,33;51,22;9,47;99,46;27/08/2019 20:28
133;2019-08-27-DB-GRT-3B_03-anfibolio;0,00;0,00;13,98;0,36;22,55;0,00;0,33;0,40;51,43;10,10;99,14;27/08/2019 20:30
134;2019-08-27-DB-GRT-3B_03-anfibolio;0,01;0,05;14,33;0,31;22,52;0,04;0,50;0,59;51,27;9,48;99,11;27/08/2019 20:33
135;2019-08-27-DB-GRT-3B_03-anfibolio;0,04;0,05;14,16;0,41;22,71;0,03;0,38;0,51;51,40;9,81;99,48;27/08/2019 20:35
136;2019-08-27-DB-GRT-3B_03-plagio;0,21;0,02;0,14;0,00;3,78;0,02;9,51;23,11;62,49;0,01;99,29;27/08/2019 20:37
137;2019-08-27-DB-GRT-3B_03-plagio;0,25;0,01;0,20;0,00;3,65;0,03;9,73;22,67;63,02;0,17;99,72;27/08/2019 20:40
138;2019-08-27-DB-GRT-3B_03-plagio;0,12;0,01;0,30;0,02;0,73;0,03;10,77;20,15;65,76;0,93;98,83;27/08/2019 20:42
139;2019-08-27-DB-GRT-3B_03-plagio;14,54;0,02;0,03;0,00;0,02;0,00;1,63;18,80;63,75;0,00;98,80;27/08/2019 20:44
140;2019-08-27-DB-GRT-3B_03-plagio;0,60;0,02;0,06;0,00;0,33;0,00;10,99;20,69;65,95;0,44;99,06;27/08/2019 20:47
141;2019-08-27-DB-GRT-3B_03-plagio;0,36;0,08;0,12;0,00;3,63;0,00;9,10;22,26;62,56;1,14;99,24;27/08/2019 20:49
142;2019-08-27-CL-3A-01_anfibolio;0,01;0,00;7,00;0,06;0,91;0,05;0,09;10,99;41,89;28,34;89,34;27/08/2019 20:52
143;2019-08-27-CL-3A-01_anfibolio;0,49;0,01;5,52;0,04;1,15;0,01;0,09;10,10;45,27;26,79;89,46;27/08/2019 20:54
144;2019-08-27-CL-3A-01_anfibolio;0,06;0,04;4,26;0,00;1,49;0,04;0,12;7,10;49,00;26,94;89,04;27/08/2019 20:56
145;2019-08-27-CL-3A-01_anfibolio;0,02;0,02;5,65;0,00;1,14;0,00;0,06;9,29;45,05;28,54;89,76;27/08/2019 20:59
146;2019-08-27-CL-3A-01_anfibolio;0,02;0,00;6,14;0,06;0,93;0,00;0,08;9,69;40,74;27,51;85,18;27/08/2019 21:01
147;2019-08-27-CL-3A-01_anfibolio;0,02;0,00;7,38;0,06;0,58;0,00;0,08;11,52;40,50;30,16;90,30;27/08/2019 21:04
148;2019-08-27-CL-3A-01_biotita;9,99;0,78;7,81;0,09;0,00;0,06;0,26;16,94;38,42;20,42;94,77;27/08/2019 21:06
149;2019-08-27-CL-3A-01_biotita;10,06;0,81;7,93;0,00;0,01;0,10;0,18;16,66;38,73;20,78;95,26;27/08/2019 21:08
150;2019-08-27-CL-3A-01_biotita;10,24;0,77;7,87;0,07;0,11;0,11;0,15;16,56;38,23;20,40;94,50;27/08/2019 21:11
151;2019-08-27-CL-3A-02_anfibolio;0,88;0,57;7,08;0,07;12,47;0,04;2,05;12,66;44,83;16,00;96,65;27/08/2019 21:13
152;2019-08-27-CL-3A-02_anfibolio;0,59;0,38;7,13;0,13;12,40;0,15;1,75;10,41;46,79;17,01;96,73;27/08/2019 21:16
153;2019-08-27-CL-3A-02_anfibolio;10,11;0,96;8,66;0,07;0,02;0,07;0,11;15,88;38,26;20,21;94,34;27/08/2019 21:18
154;2019-08-27-CL-3A-02_anfibolio;0,48;0,32;6,57;0,13;11,41;0,10;1,24;8,56;46,40;17,04;92,25;27/08/2019 21:20
155;2019-08-27-CL-3A-02_anfibolio;0,15;0,08;5,66;0,11;12,97;0,02;0,53;3,43;53,80;20,06;96,80;27/08/2019 21:23
156;2019-08-27-CL-3A-02_anfibolio;0,51;0,37;6,24;0,12;12,47;0,15;1,44;9,47;48,27;17,56;96,61;27/08/2019 21:25
157;2019-08-27-CL-3A-02_anfibolio;0,68;0,51;7,34;0,11;12,42;0,07;1,76;10,98;46,53;16,38;96,79;27/08/2019 21:28
158;2019-08-27-CL-3A-02_anfibolio;0,10;0,07;5,06;0,10;11,40;0,01;0,42;2,76;53,60;20,91;94,43;27/08/2019 21:30
159;2019-08-28-PI-G1-01_01_anfibolio;0,14;0,10;5,76;0,17;12,37;0,20;0,54;1,40;56,01;20,65;97,34;28/08/2019 12:00
160;2019-08-28-PI-G1-01_01_anfibolio;0,10;0,07;5,55;0,17;12,52;0,07;0,45;1,00;56,51;20,96;97,40;28/08/2019 12:02
161;2019-08-28-PI-G1-01_01_anfibolio;0,11;0,08;5,66;0,18;12,31;0,04;0,47;1,13;56,12;20,72;96,83;28/08/2019 12:05
162;2019-08-28-PI-G1-01_01_anfibolio;0,13;0,08;5,68;0,16;12,37;0,09;0,50;1,27;56,16;20,79;97,22;28/08/2019 12:07
163;2019-08-28-PI-G1-01_01_anfibolio;0,13;0,08;5,62;0,17;12,34;0,06;0,50;1,19;56,18;20,73;96,98;28/08/2019 12:10
164;2019-08-28-PI-G1-01_01_anfibolio;0,18;0,13;6,02;0,16;12,23;0,09;0,60;1,84;55,30;20,31;96,87;28/08/2019 12:12
165;2019-08-28-PI-G1-01_01_anfibolio;0,18;0,13;6,02;0,14;12,28;0,09;0,54;1,74;55,51;20,49;97,11;28/08/2019 12:15
166;2019-08-28-PI-G1-01_01_anfibolio;14,43;0,04;0,10;0,00;0,00;0,00;1,51;18,92;62,96;0,00;97,96;28/08/2019 12:17
167;2019-08-28-PI-G1-01_01_plagioclasio;0,25;0,02;0,12;0,00;1,93;0,00;10,46;21,40;65,54;0,00;99,73;28/08/2019 12:20
168;2019-08-28-PI-G1-01_01_plagioclasio;0,22;0,01;0,09;0,00;1,88;0,00;10,56;21,42;65,91;0,00;100,09;28/08/2019 12:22
169;2019-08-28-PI-G1-01_01_plagioclasio;0,11;0,01;0,10;0,03;1,87;0,00;10,67;21,66;65,85;0,00;100,30;28/08/2019 12:24
170;2019-08-28-PI-G1-01_01_plagioclasio;0,23;0,01;0,12;0,02;1,67;0,00;10,75;21,46;66,18;0,01;100,45;28/08/2019 12:27
171;2019-08-28-PI-G1-01_01_plagioclasio;0,12;0,01;0,13;0,00;1,98;0,01;10,75;21,73;65,22;0,00;99,95;28/08/2019 12:29
172;2019-08-28-PI-G1-01_01_plagioclasio;0,15;0,00;0,21;0,00;1,71;0,01;10,81;21,40;65,55;0,01;99,86;28/08/2019 12:32
173;2019-08-28-PI-G1-01_01_biotita;9,90;2,44;9,18;0,09;0,00;0,24;0,07;13,35;39,24;19,46;93,97;28/08/2019 12:34
174;2019-08-28-PI-G1-01_01_biotita;9,90;2,19;9,28;0,09;0,00;0,32;0,05;13,35;39,76;19,94;94,89;28/08/2019 12:37
175;2019-08-28-PI-G1-01_01_biotita;9,92;2,39;9,35;0,08;0,00;0,28;0,07;13,37;39,82;19,63;94,91;28/08/2019 12:39
176;2019-08-28-PI-G1-01_01_biotita;9,92;2,38;9,30;0,06;0,00;0,30;0,06;13,25;39,81;19,87;94,95;28/08/2019 12:41
177;2019-08-28-PI-G1-01_01_epidoto;0,00;0,87;9,88;0,03;11,08;0,00;0,11;14,22;30,05;1,84;68,08;28/08/2019 12:44
178;2019-08-28-PI-G1-01_01_epidoto;0,00;0,94;9,99;0,04;11,21;0,00;0,11;14,51;29,78;1,59;68,17;28/08/2019 12:46
179;2019-08-28-PI-G1-01_02_anfibolio;0,20;0,14;6,00;0,13;12,14;0,06;0,63;1,83;55,36;20,47;96,97;28/08/2019 12:49
180;2019-08-28-PI-G1-01_02_anfibolio;0,12;0,10;5,56;0,17;12,32;0,09;0,47;1,23;56,56;21,13;97,76;28/08/2019 12:51
181;2019-08-28-PI-G1-01_02_anfibolio;0,10;0,06;5,41;0,10;12,48;0,06;0,41;1,00;56,88;21,17;97,66;28/08/2019 12:54
182;2019-08-28-PI-G1-01_02_anfibolio;0,14;0,10;5,71;0,17;12,25;0,07;0,51;1,39;55,80;20,60;96,74;28/08/2019 12:56
183;2019-08-28-PI-G1-01_02_anfibolio;0,13;0,11;5,78;0,15;12,28;0,06;0,52;1,45;55,77;20,60;96,86;28/08/2019 12:59
184;2019-08-28-PI-G1-01_02_anfibolio;0,18;0,14;5,90;0,15;12,19;0,15;0,60;1,77;55,45;20,44;96,95;28/08/2019 13:01
185;2019-08-28-PI-G1-01_02_anfibolio;0,16;0,11;5,74;0,12;12,29;0,08;0,54;1,45;55,65;20,48;96,62;28/08/2019 13:03
186;2019-08-28-PI-G1-01_02_anfibolio;0,16;0,07;5,86;0,14;12,41;0,10;0,53;1,30;56,00;20,84;97,40;28/08/2019 13:06
187;2019-08-28-PI-G1-01_02_plagioclasio;0,28;0,01;0,15;0,00;2,00;0,00;10,55;21,63;65,50;0,00;100,13;28/08/2019 13:08
188;2019-08-28-PI-G1-01_02_plagioclasio;0,15;0,01;0,10;0,02;1,08;0,00;11,02;20,45;66,92;0,00;99,74;28/08/2019 13:11
189;2019-08-28-PI-G1-01_02_plagioclasio;0,18;0,01;0,09;0,00;1,65;0,00;10,78;21,32;66,49;0,00;100,53;28/08/2019 13:13
190;2019-08-28-PI-G1-01_02_plagioclasio;0,25;0,01;0,24;0,02;1,49;0,00;10,98;21,28;65,39;0,00;99,66;28/08/2019 13:16
191;2019-08-28-PI-G1-01_02_biotita;10,03;2,16;9,28;0,08;0,00;0,25;0,08;13,61;39,45;19,39;94,34;28/08/2019 13:18
192;2019-08-28-PI-G1-01_02_biotita;10,03;2,21;9,24;0,06;0,00;0,37;0,07;13,82;39,36;19,38;94,55;28/08/2019 13:20
193;2019-08-28-PI-G1-01_02_biotita;9,89;2,17;9,09;0,09;0,00;0,27;0,07;13,68;39,66;19,94;94,85;28/08/2019 13:23
194;2019-08-28-PI-G1-01_02_biotita;9,95;2,45;9,11;0,08;0,00;0,33;0,08;13,39;39,25;19,33;93,97;28/08/2019 13:25
195;2019-08-28-CL-18-06A_01_diopsidio;0,00;0,02;0,67;0,00;25,39;0,02;0,04;0,30;54,63;18,37;99,43;28/08/2019 13:28
196;2019-08-28-CL-18-06A_01_diopsidio;0,00;0,03;0,63;0,01;25,24;0,03;0,02;0,33;55,14;18,48;99,91;28/08/2019 13:30
197;2019-08-28-CL-18-06A_01_diopsidio;0,00;0,03;2,34;0,05;25,33;0,00;0,11;0,33;54,32;17,17;99,67;28/08/2019 13:33
198;2019-08-28-CL-18-06A_01_diopsidio;0,00;0,05;1,10;0,03;25,38;0,01;0,07;0,38;54,93;18,11;100,05;28/08/2019 13:35
199;2019-08-28-CL-18-06A_01_anfibolio;0,04;0,05;1,07;0,00;13,46;0,00;0,13;0,39;58,32;24,05;97,51;28/08/2019 13:38
200;2019-08-28-CL-18-06A_01_anfibolio;0,06;0,05;3,67;0,06;13,27;0,00;0,14;1,01;56,90;22,07;97,22;28/08/2019 13:40
201;2019-08-28-CL-18-06A_01_anfibolio;0,16;0,10;1,03;0,02;13,25;0,00;0,70;2,47;55,46;23,44;96,62;28/08/2019 13:43
202;2019-08-28-CL-18-06A_01_anfibolio;0,03;0,03;0,81;0,01;13,66;0,00;0,11;0,26;58,09;24,12;97,13;28/08/2019 13:45
203;2019-08-28-CL-18-06A_01_flogopita;10,17;0,36;1,48;0,00;0,00;0,00;0,12;14,30;40,85;26,45;93,75;28/08/2019 13:48
204;2019-08-28-CL-18-06A_01_flogopita;6,13;0,27;2,47;0,01;0,06;0,01;0,02;13,86;38,79;29,07;90,70;28/08/2019 13:50
205;2019-08-28-CL-18-06A_01_flogopita;9,01;0,32;2,09;0,00;0,07;0,01;0,05;14,01;39,91;27,55;93,03;28/08/2019 13:52
206;2019-08-28-CL-18-06A_01_flogopita;7,70;0,42;2,19;0,00;0,09;0,00;0,02;14,49;39,04;27,55;91,51;28/08/2019 13:55
207;2019-08-28-CL-18-06A_02_olivina;0,07;0,01;6,09;0,01;0,24;0,00;0,04;0,01;58,22;28,18;92,86;28/08/2019 13:57
208;2019-08-28-CL-18-06A_02_olivina;0,08;0,01;5,82;0,01;0,41;0,00;0,04;0,03;57,47;27,28;91,15;28/08/2019 14:00
209;2019-08-28-CL-18-06A_02_flogopita;5,39;0,21;1,94;0,06;13,58;0,01;0,26;6,29;27,39;21,79;76,90;28/08/2019 14:02
210;2019-08-28-CL-18-06A_02_flogopita;8,74;0,47;1,72;0,02;0,08;0,01;0,25;14,83;39,88;27,30;93,29;28/08/2019 14:05
211;2019-08-28-CL-18-06A_03_anfibolio;0,07;0,04;1,17;0,01;13,48;0,02;0,15;0,46;58,36;24,15;97,93;28/08/2019 14:07
212;2019-08-28-CL-18-06A_03_anfibolio;0,04;0,04;1,11;0,01;13,37;0,01;0,10;0,32;58,72;24,29;98,02;28/08/2019 14:10
213;2019-08-28-CL-18-06A_03_anfibolio;0,06;0,05;1,00;0,00;13,41;0,02;0,14;0,52;58,36;24,26;97,83;28/08/2019 14:12
214;2019-08-28-CL-18-06A_03_anfibolio;0,06;0,05;1,25;0,00;13,51;0,00;0,19;0,58;57,36;23,76;96,76;28/08/2019 14:15
215;2019-08-28-CL-18-06A_03_diopsidio;0,00;0,04;1,12;0,00;25,16;0,01;0,03;0,28;55,85;18,87;101,35;28/08/2019 14:17
216;2019-08-28-CL-18-06A_03_diopsidio;0,01;0,02;0,76;0,01;25,32;0,00;0,03;0,29;55,35;18,59;100,37;28/08/2019 14:20
217;2019-08-28-CL-18-06A_03_diopsidio;0,00;0,05;0,80;0,00;25,25;0,02;0,01;0,20;55,02;18,23;99,59;28/08/2019 14:22
218;2019-08-28-CL-18-06A_03_diopsidio;0,00;0,04;0,71;0,00;25,41;0,00;0,01;0,10;54,62;18,43;99,32;28/08/2019 14:25
219;2019-08-28-CL-18-06A_03_diopsidio;0,00;0,04;0,78;0,03;25,46;0,00;0,02;0,12;55,06;18,44;99,95;28/08/2019 14:27
220;2019-08-28-CL-18-06A_03_flogopita;9,07;0,23;1,66;0,00;0,04;0,04;0,27;13,50;41,40;27,26;93,47;28/08/2019 14:30
221;2019-08-28-CL-18-06A_03_flogopita;9,04;0,27;1,78;0,01;0,02;0,01;0,24;14,65;40,32;26,76;93,10;28/08/2019 14:32
222;2019-08-28-CL-18-06A_03_olivina;0,07;0,01;5,82;0,01;0,12;0,00;0,02;0,04;57,11;28,95;92,15;28/08/2019 14:35
223;2019-08-28-CL-18-06A_03_olivina;0,08;0,01;5,83;0,02;0,09;0,01;0,02;0,06;56,89;28,46;91,47;28/08/2019 14:37
224;2019-08-28-CL-18-06B_01_si_mg;0,00;0,07;2,09;0,02;0,04;0,01;0,10;0,29;62,25;30,66;95,53;28/08/2019 17:59
225;2019-08-28-CL-18-06B_01_si_mg;0,01;0,05;1,94;0,00;0,06;0,00;0,06;0,17;61,17;29,61;93,07;28/08/2019 18:02
226;2019-08-28-CL-18-06B_01_anf_pirox;0,13;0,09;1,11;0,01;13,41;0,00;0,45;1,57;55,38;23,32;95,48;28/08/2019 18:04
227;2019-08-28-CL-18-06B_01_anf_pirox;0,01;0,01;0,75;0,03;29,52;0,00;0,02;0,00;0,05;20,63;51,02;28/08/2019 18:07
228;2019-08-28-CL-18-06B_02_anfibolio;0,15;0,08;1,56;0,03;13,13;0,04;0,48;2,10;55,69;23,30;96,55;28/08/2019 18:09
229;2019-08-28-CL-18-06B_02_anfibolio;0,04;0,06;1,35;0,02;13,53;0,04;0,15;0,66;56,34;23,19;95,37;28/08/2019 18:12
230;2019-08-28-CL-18-06B_02_anfibolio;0,05;0,06;1,40;0,01;13,39;0,04;0,09;0,37;57,37;23,52;96,30;28/08/2019 18:14
231;2019-08-28-CL-18-06B_02_anfibolio;0,05;0,06;0,99;0,04;13,54;0,00;0,15;1,37;57,02;23,68;96,90;28/08/2019 18:17
232;2019-08-28-CL-18-06B_02_anfibolio;0,09;0,04;1,37;0,04;13,36;0,00;0,30;1,00;56,28;23,33;95,82;28/08/2019 18:19
233;2019-08-28-CL-18-06B_02_diopsidio;0,00;0,06;0,77;0,00;25,82;0,00;0,02;0,06;54,05;18,24;99,02;28/08/2019 18:22
234;2019-08-28-CL-18-06B_02_diopsidio;0,01;0,05;0,56;0,00;25,71;0,00;0,01;0,01;54,56;18,17;99,08;28/08/2019 18:24
235;2019-08-28-CL-18-06B_02_diopsidio;0,00;0,04;0,99;0,01;25,22;0,02;0,02;0,29;54,62;18,28;99,49;28/08/2019 18:27
236;2019-08-28-CL-18-06B_02_diopsidio;0,00;0,04;0,74;0,02;25,72;0,00;0,01;0,03;53,91;17,87;98,35;28/08/2019 18:29
237;2019-08-28-CL-18-06B_02_incognita;0,02;0,02;12,45;0,00;0,37;0,01;0,01;0,01;45,72;27,68;86,28;28/08/2019 18:32
238;2019-08-28-CL-18-06B_02_incognita;0,02;0,03;12,73;0,01;0,37;0,02;0,02;0,01;45,46;27,62;86,28;28/08/2019 18:34
239;2019-08-28-CL-18-06B_02_incognita;0,05;0,02;11,98;0,00;0,28;0,01;0,04;0,04;46,24;29,22;87,87;28/08/2019 18:37
240;2019-08-28-CL-18-06B_02_incognita;0,07;0,02;7,64;0,00;0,21;0,00;0,04;0,01;50,52;30,13;88,63;28/08/2019 18:39
241;2019-08-28-CL-18-06B_02_incognita;0,06;0,00;7,21;0,03;0,19;0,00;0,02;0,03;50,68;28,85;87,08;28/08/2019 18:42
242;2019-08-28-CL-18-063_01_flogopita;8,79;0,44;1,26;0,03;0,13;0,02;0,35;14,86;40,19;27,70;93,77;28/08/2019 18:44
243;2019-08-28-CL-18-063_01_flogopita;9,34;0,49;1,11;0,01;0,05;0,00;0,41;14,37;41,28;27,02;94,07;28/08/2019 18:47
244;2019-08-28-CL-18-063_01_flogopita;8,63;0,34;1,24;0,00;0,07;0,00;0,40;15,87;39,45;27,39;93,39;28/08/2019 18:49
245;2019-08-28-CL-18-063_01_olivina;0,00;0,00;3,76;0,06;0,04;0,03;0,02;0,02;42,15;55,31;101,38;28/08/2019 18:52
246;2019-08-28-CL-18-063_01_olivina;0,00;0,02;3,80;0,05;0,04;0,00;0,00;0,01;41,75;55,12;100,79;28/08/2019 18:54
247;2019-08-28-CL-18-063_01_olivina;0,00;0,02;3,84;0,06;0,00;0,01;0,00;0,04;41,54;55,22;100,73;28/08/2019 18:57
248;2019-08-28-CL-18-063_01_serpentina;0,03;0,02;2,77;0,02;0,26;0,00;0,00;0,06;46,97;37,10;87,22;28/08/2019 18:59
249;2019-08-28-CL-18-063_01_serpentina;0,02;0,00;1,75;0,01;0,06;0,00;0,02;0,11;41,94;41,58;85,49;28/08/2019 19:02
250;2019-08-28-CL-18-063_01_serpentina;0,00;0,00;1,36;0,00;0,04;0,00;0,02;0,02;42,89;41,33;85,67;28/08/2019 19:04
251;2019-08-28-CL-18-063_01_serpentina;0,01;0,14;1,07;0,01;0,07;0,01;0,01;17,74;33,41;35,02;87,49;28/08/2019 19:07
252;2019-08-28-CL-18-063_01_serpentina;0,01;0,01;1,15;0,00;0,02;0,00;0,00;0,01;42,86;42,15;86,20;28/08/2019 19:09
253;2019-08-28-CL-18-063_01_serpentina;0,00;0,01;0,83;0,01;0,09;0,00;0,00;0,04;43,00;42,42;86,39;28/08/2019 19:12
254;2019-08-28-CL-18-063_02_incognita;0,01;0,01;5,42;0,08;0,26;0,00;0,01;0,05;48,01;34,90;88,75;28/08/2019 19:14
255;2019-08-28-CL-18-063_02_incognita;0,07;0,02;5,01;0,08;0,33;0,01;0,06;0,05;50,03;32,97;88,63;28/08/2019 19:17
256;2019-08-28-CL-18-063_02_incognita;0,01;0,02;0,60;0,04;29,87;0,03;0,00;0,00;0,03;21,12;51,72;28/08/2019 19:19
257;2019-08-28-CL-18-063_02_diopsidio;0,00;0,00;0,49;0,02;29,84;0,00;0,01;0,01;0,00;21,34;51,72;28/08/2019 19:22
258;2019-08-28-CL-18-063_02_diopsidio;0,00;0,09;0,53;0,00;25,82;0,00;0,00;0,01;54,90;18,98;100,33;28/08/2019 19:24
259;2019-08-28-CL-18-063_02_diopsidio;0,00;0,06;0,49;0,00;25,74;0,00;0,00;0,07;54,54;18,36;99,25;28/08/2019 19:27
260;2019-08-28-CL-18-063_02_serpentina;0,00;0,11;0,52;0,00;0,02;0,00;0,03;0,14;43,03;41,53;85,38;28/08/2019 19:29
261;2019-08-28-CL-18-063_02_serpentina;0,00;0,03;1,21;0,01;0,02;0,03;0,02;0,00;42,98;41,32;85,62;28/08/2019 19:32
262;2019-08-28-CL-18-063_02_serpentina;0,02;0,03;4,01;0,01;0,48;0,00;0,03;0,23;40,49;39,86;85,16;28/08/2019 19:34
263;2019-08-28-CL-18-063_02_serpentina;0,00;0,04;5,99;0,02;0,33;0,00;0,02;0,03;47,39;34,00;87,83;28/08/2019 19:37
264;2019-08-28-CL-18-063_02_anfibolio;0,20;0,21;0,95;0,01;13,42;0,01;0,85;4,11;55,04;23,25;98,04;28/08/2019 19:39
265;2019-08-28-CL-18-063_02_anfibolio;0,22;0,42;1,00;0,00;13,50;0,00;0,92;4,83;53,78;22,90;97,56;28/08/2019 19:42
266;2019-08-28-CL-18-063_03_anfibolio;0,19;0,14;0,91;0,01;13,42;0,00;0,54;2,93;55,62;23,68;97,44;28/08/2019 19:44
267;2019-08-28-CL-18-063_03_anfibolio;0,18;0,16;0,91;0,00;13,55;0,04;0,62;2,81;55,82;23,86;97,96;28/08/2019 19:47
268;2019-08-28-CL-18-063_03_diopsidio;0,00;0,08;0,62;0,03;25,54;0,01;0,01;0,05;54,51;18,46;99,31;28/08/2019 19:49
269;2019-08-28-CL-18-063_03_olivina;0,00;0,01;4,79;0,08;0,05;0,02;0,00;0,00;40,96;53,33;99,24;28/08/2019 19:52
270;2019-08-28-CL-18-063_03_olivina;0,00;0,00;4,86;0,04;0,07;0,00;0,01;0,00;41,44;53,61;100,04;28/08/2019 19:54
271;2019-08-28-CL-18-063_03_incognita;0,01;0,04;1,84;0,00;0,03;0,00;0,00;14,92;31,85;34,23;82,93;28/08/2019 19:57
272;2019-08-28-CL-18-063_03_incognita;0,11;0,07;1,57;0,00;0,39;0,00;0,21;19,15;31,32;33,64;86,45;28/08/2019 19:59
273;2019-08-28-PCL-1CA_01-flogopita;9,21;0,43;4,22;0,04;0,00;0,26;0,61;14,21;41,68;25,01;95,67;28/08/2019 20:02
274;2019-08-28-PCL-1CA_01-flogopita;8,97;0,49;4,70;0,00;0,00;0,23;0,68;15,77;39,20;24,21;94,25;28/08/2019 20:04
275;2019-08-28-PCL-1CA_01-flogopita;9,43;0,47;4,36;0,00;0,01;0,26;0,63;15,24;40,53;24,41;95,34;28/08/2019 20:07
276;2019-08-28-PCL-1CA_01-clorita;0,00;0,08;5,27;0,04;0,04;0,31;0,02;20,90;29,58;30,33;86,57;28/08/2019 20:10
277;2019-08-28-PCL-1CA_01-clorita;0,01;0,03;5,03;0,06;0,02;0,57;0,00;17,24;31,58;31,74;86,29;28/08/2019 20:12
278;2019-08-28-PCL-1CA_01-clorita;0,03;0,06;5,08;0,03;0,02;0,56;0,01;18,07;31,32;31,93;87,11;28/08/2019 20:15
279;2019-08-28-PCL-1CA_01-clorita;0,00;0,05;5,02;0,03;0,01;0,63;0,01;18,42;31,19;31,59;86,95;28/08/2019 20:17
280;2019-08-28-PCL-1CA_01-clorita;0,00;0,06;5,02;0,08;0,01;0,25;0,02;17,74;31,44;32,23;86,85;28/08/2019 20:20
281;2019-08-28-PCL-1CA_01-clorita;0,00;0,07;5,22;0,03;0,10;0,19;0,00;19,56;30,50;31,10;86,78;28/08/2019 20:22
282;2019-08-28-PCL-1CA_01-clorita;0,01;0,06;5,58;0,02;0,00;0,15;0,01;22,76;28,40;29,92;86,93;28/08/2019 20:25
283;2019-08-28-PCL-1CA_02_al-mg-fe;0,01;0,04;17,98;0,19;0,00;1,36;0,04;62,31;0,04;16,09;98,06;28/08/2019 20:27
284;2019-08-28-PCL-1CA_02_al-mg-fe;0,01;0,04;17,82;0,17;0,03;1,39;0,01;61,42;0,02;16,25;97,17;28/08/2019 20:30
285;2019-08-28-PCL-1CA_02_al-mg-fe;0,00;0,03;17,54;0,20;0,00;1,44;0,02;61,99;0,00;16,20;97,42;28/08/2019 20:32
286;2019-08-28-PCL-1CA_02_al-mg-fe;0,00;0,04;17,97;0,19;0,02;1,46;0,03;61,33;0,02;15,93;97,00;28/08/2019 20:35
287;2019-08-28-PCL-1CA_02_flogopita;8,85;0,50;4,80;0,00;0,04;0,14;0,73;15,53;39,41;24,14;94,14;28/08/2019 20:37
288;2019-08-28-PCL-1CA_02_flogopita;9,08;0,68;4,65;0,06;0,04;0,19;0,75;15,66;40,00;24,06;95,16;28/08/2019 20:40
289;2019-08-28-PCL-1CA_02_flogopita;9,15;0,44;4,56;0,04;0,00;0,12;0,50;15,11;39,93;24,29;94,13;28/08/2019 20:42
290;2019-08-28-PCL-1CA_02_clorita;0,00;0,05;4,97;0,02;0,02;0,08;0,02;17,99;31,47;31,88;86,51;28/08/2019 20:45
291;2019-08-28-PCL-1CA_02_clorita;0,00;0,06;5,46;0,04;0,01;0,13;0,00;20,63;30,33;31,03;87,70;28/08/2019 20:47
292;2019-08-28-PCL-1CA_02_clorita;0,02;0,04;5,17;0,01;0,01;0,24;0,02;18,88;30,89;31,48;86,77;28/08/2019 20:50
293;2019-08-28-PCL-1CA_02_clorita;0,00;0,06;5,30;0,05;0,00;0,07;0,00;19,61;30,24;30,92;86,26;28/08/2019 20:52
294;2019-08-28-PCL-1CA_02_clorita;0,01;0,05;5,43;0,02;0,04;0,11;0,00;19,36;30,59;31,13;86,75;28/08/2019 20:55
295;2019-08-28-PCL-1CA_02_clorita;0,00;0,08;5,21;0,06;0,01;0,14;0,01;20,36;30,01;30,82;86,69;28/08/2019 20:57
296;2019-08-28-PCL-1CA_02_clorita;0,01;0,04;4,95;0,04;0,02;0,05;0,01;18,39;31,17;31,96;86,65;28/08/2019 21:00
297;2019-08-28-PCL-1CA_02_clorita;0,00;0,09;5,56;0,00;0,01;0,14;0,00;23,00;27,93;29,61;86,34;28/08/2019 21:02
298;2019-08-28-PCL-1CA_02_clorita;0,00;0,06;5,42;0,01;0,03;0,33;0,00;21,38;28,68;30,21;86,11;28/08/2019 21:05
299;2019-08-28-PCL-1CA_03_espinelio;0,00;0,04;18,22;0,20;0,00;1,96;0,02;61,13;0,01;16,80;98,37;28/08/2019 21:07
300;2019-08-28-PCL-1CA_03_espinelio;0,00;0,03;17,93;0,23;0,13;1,94;0,02;61,47;0,00;16,40;98,16;28/08/2019 21:10
301;2019-08-28-PCL-1CA_03_espinelio;0,00;0,03;17,68;0,17;0,04;1,12;0,04;62,49;0,00;16,36;97,93;28/08/2019 21:13
302;2019-08-28-PCL-1CA_03_espinelio;0,00;0,05;17,51;0,22;0,02;0,73;0,01;62,78;0,00;17,16;98,49;28/08/2019 21:15
303;2019-08-28-PCL-1CA_03_espinelio;0,00;0,04;18,47;0,22;0,01;1,26;0,02;61,86;0,00;17,06;98,94;28/08/2019 21:18
304;2019-08-28-PCL-1CA_03_espinelio;0,00;0,05;18,31;0,20;0,02;1,59;0,01;61,73;0,01;17,02;98,94;28/08/2019 21:20
305;2019-08-28-PCL-1CA_03_clorita;0,00;0,06;5,44;0,03;0,03;0,13;0,01;22,48;28,86;30,10;87,15;28/08/2019 21:23
306;2019-08-28-PCL-1CA_03_clorita;0,00;0,06;5,24;0,04;0,03;0,06;0,01;22,92;28,59;30,17;87,10;28/08/2019 21:25
307;2019-08-28-PCL-1CA_03_clorita;0,00;0,08;5,58;0,05;0,04;0,10;0,00;22,84;28,68;30,16;87,52;28/08/2019 21:28
308;2019-08-28-PCL-1CA_03_clorita;0,00;0,08;5,27;0,04;0,11;0,10;0,00;23,04;28,24;29,48;86,36;28/08/2019 21:30
309;2019-08-28-PCL-1CA_03_clorita;0,00;0,05;5,29;0,04;0,03;0,11;0,02;22,96;28,32;29,75;86,56;28/08/2019 21:33
310;2019-08-28-PCL-1CA_03_clorita;0,00;0,05;5,40;0,04;0,00;0,07;0,00;22,70;28,87;30,13;87,25;28/08/2019 21:35
311;2019-08-28-PCL-1CA_03_clorita;0,00;0,07;5,31;0,03;0,00;0,13;0,00;22,97;28,46;29,85;86,82;28/08/2019 21:38
312;2019-08-28-PCL-1CA_04_olivina;0,00;0,01;14,93;0,35;0,03;0,00;0,00;0,03;39,55;46,16;101,07;28/08/2019 21:41
313;2019-08-28-PCL-1CA_04_olivina;0,00;0,01;15,85;0,38;0,01;0,04;0,00;0,00;38,81;44,84;99,95;28/08/2019 21:43
314;2019-08-28-PCL-1CA_04_olivina;0,00;0,02;15,47;0,32;0,02;0,00;0,04;0,00;39,47;45,62;100,95;28/08/2019 21:46
315;2019-08-28-PCL-1CA_04_olivina;0,00;0,00;15,80;0,35;0,02;0,00;0,00;0,00;39,09;44,74;99,99;28/08/2019 21:48
316;2019-08-28-PCL-1CA_05_anfibolio;0,05;0,04;2,16;0,14;13,05;0,05;0,21;0,65;57,35;23,63;97,32;28/08/2019 21:51
317;2019-08-28-PCL-1CA_05_anfibolio;0,03;0,06;2,17;0,10;13,35;0,00;0,12;0,38;57,25;23,62;97,06;28/08/2019 21:53
318;2019-08-28-PCL-1CA_05_flogopita;8,96;0,36;5,70;0,02;0,02;0,00;0,12;14,56;39,34;24,86;93,94;28/08/2019 21:56
319;2019-08-28-PCL-1CA_05_flogopita;9,26;0,40;4,74;0,06;0,11;0,02;0,27;14,82;40,69;24,65;95,01;28/08/2019 21:58
320;2019-08-28-PCL-1CA_05_flogopita;9,69;0,45;4,62;0,06;0,05;0,02;0,46;15,90;39,48;23,97;94,69;28/08/2019 22:01
321;2019-08-28-PCL-1CA_05_clorita;0,00;0,07;5,59;0,05;0,04;0,00;0,02;23,01;28,29;29,89;86,96;28/08/2019 22:04
322;2019-08-28-PCL-1CA_05_clorita;0,00;0,07;5,15;0,06;0,06;0,07;0,00;20,13;30,10;31,03;86,67;28/08/2019 22:06
323;2019-08-28-PCL-1CA_05_clorita;0,00;0,01;0,19;0,01;0,00;0,01;0,00;0,01;98,14;0,00;98,38;28/08/2019 22:09
324;2019-08-28-PCL-1CA_05_clorita;0,00;0,04;5,58;0,03;0,01;0,08;0,00;22,52;28,99;30,03;87,28;28/08/2019 22:11
325;2019-08-28-PCL-1CA_05_clorita;0,00;0,05;5,69;0,06;0,00;0,20;0,00;23,75;28,11;29,49;87,36;28/08/2019 22:14
326;2019-08-28-PCL-1CA_05_clorita;0,01;0,06;5,61;0,00;0,05;0,27;0,01;22,97;27,73;29,49;86,21;28/08/2019 22:16
327;2019-08-28-PCL-1CA_perfil_clorita;0,07;0,08;5,28;0,06;0,02;0,02;0,00;20,05;30,01;30,66;86,26;28/08/2019 22:19
328;2019-08-28-PCL-1CA_perfil_clorita;0,00;0,07;5,47;0,04;0,02;0,36;0,00;22,76;28,09;29,83;86,63;28/08/2019 22:21
329;2019-08-28-PCL-1CA_perfil_clorita;0,00;0,07;5,47;0,06;0,01;0,17;0,00;21,92;29,05;30,29;87,04;28/08/2019 22:24
330;2019-08-28-PCL-1CA_perfil_clorita;0,00;0,06;5,36;0,07;0,58;0,09;0,00;22,98;27,73;29,42;86,31;28/08/2019 22:26
331;2019-08-28-PCL-1CA_perfil_clorita;0,00;0,06;5,64;0,05;0,00;0,13;0,00;23,69;27,87;29,27;86,72;28/08/2019 22:29
332;2019-08-28-PCL-1CA_perfil_clorita;0,00;0,06;6,18;0,18;9,87;0,11;0,00;20,49;18,42;27,23;82,54;28/08/2019 22:32
333;2019-08-28-PCL-1CA_perfil_clorita;0,00;1,26;3,26;0,00;3,94;0,38;0,85;29,57;35,03;11,91;86,20;28/08/2019 22:34
334;2019-08-28-PCL-1CA_perfil_clorita;0,00;0,08;5,58;0,03;0,00;0,12;0,00;23,57;28,34;29,51;87,21;28/08/2019 22:37
335;2019-08-28-PCL-1CA_perfil_clorita;0,00;0,07;5,47;0,04;0,00;0,21;0,00;21,97;29,02;29,95;86,74;28/08/2019 22:39
336;2019-08-28-PCL-1CA_perfil_clorita;0,00;0,04;5,41;0,04;0,02;0,13;0,00;23,06;28,50;29,84;87,03;28/08/2019 22:42
337;2019-08-28-PCL-1CA_perfil_clorita;0,01;0,07;5,52;0,00;0,01;0,38;0,00;23,30;27,98;29,57;86,85;28/08/2019 22:44
338;2019-08-28-PCL-1CA_perfil_clorita;0,00;0,03;0,58;0,23;51,00;0,02;0,00;0,00;0,00;3,22;55,08;28/08/2019 22:47
339;2019-08-28-PCL-1CA_perfil_clorita;0,02;0,08;5,41;0,07;0,01;0,15;0,00;23,01;28,08;29,63;86,46;28/08/2019 22:49
340;2019-08-28-PCL-1CA_perfil_clorita;0,02;0,08;5,66;0,05;0,02;0,19;0,00;22,48;28,84;29,77;87,12;28/08/2019 22:52
341;2019-08-28-PCL-1CA_perfil_clorita;0,09;0,08;5,64;0,05;0,04;0,17;0,03;22,89;28,51;29,93;87,42;28/08/2019 22:55
342;2019-08-28-PCL-1CA_perfil_clorita;0,05;0,07;5,10;0,04;0,01;0,19;0,00;18,58;30,96;31,60;86,59;28/08/2019 22:57
343;2019-08-28-PCL-1CA_06_olivina;0,01;0,01;14,62;0,32;0,03;0,01;0,00;0,00;39,82;46,28;101,11;28/08/2019 23:00
344;2019-08-28-PCL-1CA_06_olivina;0,01;0,00;15,14;0,33;0,06;0,02;0,00;0,01;39,14;45,42;100,12;28/08/2019 23:02
345;2019-08-28-PCL-1CA_06_anfibolio;0,03;0,05;2,54;0,03;13,18;0,05;0,09;0,29;57,91;23,70;97,86;28/08/2019 23:05
346;2019-08-28-PCL-1CA_06_anfibolio;0,00;0,00;1,68;0,24;29,31;0,00;0,01;0,03;0,02;20,36;51,66;28/08/2019 23:07
347;2019-08-28-PCL-1CA_06_anfibolio;0,00;0,00;1,65;0,18;29,60;0,00;0,01;0,02;0,00;19,86;51,32;28/08/2019 23:10
348;2019-08-28-PCL-1CB_01_biotita;9,04;0,42;4,72;0,04;0,00;0,07;0,72;15,91;39,09;23,63;93,65;28/08/2019 23:13
349;2019-08-28-PCL-1CB_01_biotita;9,28;0,47;4,57;0,01;0,00;0,10;0,81;16,93;38,27;23,06;93,50;28/08/2019 23:15
350;2019-08-28-PCL-1CB_01_biotita;9,27;0,36;4,45;0,03;0,00;0,02;0,79;15,18;39,77;23,93;93,80;28/08/2019 23:18
351;2019-08-28-PCL-1CB_01_clorita;0,00;0,06;5,24;0,02;0,05;0,07;0,02;21,17;28,95;29,68;85,27;28/08/2019 23:20
352;2019-08-28-PCL-1CB_01_clorita;0,01;0,07;5,37;0,03;0,03;0,38;0,01;20,38;29,46;29,96;85,71;28/08/2019 23:23
353;2019-08-28-PCL-1CB_01_clorita;0,08;0,05;5,51;0,04;0,02;0,07;0,00;20,08;29,64;29,88;85,38;28/08/2019 23:25
354;2019-08-28-PCL-1CB_01_clorita;0,03;0,07;5,45;0,07;0,02;0,04;0,02;20,73;29,11;29,79;85,32;28/08/2019 23:28
355;2019-08-28-PCL-1CB_02_biotita;9,22;0,31;3,78;0,01;0,01;0,13;0,61;14,70;40,25;24,47;93,49;28/08/2019 23:31
356;2019-08-28-PCL-1CB_02_biotita;8,52;0,23;4,01;0,02;0,00;0,44;0,58;15,68;38,59;24,42;92,48;28/08/2019 23:33
357;2019-08-28-PCL-1CB_02_biotita;8,94;0,35;3,96;0,07;0,07;0,14;0,66;14,50;39,59;24,39;92,67;28/08/2019 23:36
358;2019-08-28-PCL-1CB_03_flogopita;9,74;0,26;4,10;0,02;0,06;0,01;0,34;14,67;40,20;23,96;93,35;28/08/2019 23:38
359;2019-08-28-PCL-1CB_03_flogopita;9,26;0,20;4,18;0,00;0,01;0,00;0,83;14,85;39,54;19,65;88,51;28/08/2019 23:41
360;2019-08-28-PCL-1CB_03_flogopita;9,17;0,30;4,24;0,02;0,05;0,04;0,77;14,95;40,54;24,43;94,52;28/08/2019 23:44
361;2019-08-28-PCL-1CB_03_flogopita;9,67;0,27;4,13;0,00;0,00;0,06;0,48;15,28;39,80;23,95;93,64;28/08/2019 23:46
362;2019-08-28-PCL-1CB_03_flogopita;9,41;0,30;4,31;0,01;0,01;0,14;0,68;15,21;39,50;23,82;93,38;28/08/2019 23:49
